{"pipeline update_knn_label0": {"set_directive_pipeline \"update_knn/update_knn_label0\"": {"latency": 0.056337187699581626, "resources": 0.027308269522693274}}, "unroll update_knn_label0": {"set_directive_unroll \"update_knn/update_knn_label0\"": {"latency": 0.08774007479723345, "resources": -0.08023976801872612}, "set_directive_unroll -factor 2 \"update_knn/update_knn_label0\"": {"latency": 0.02732528492846331, "resources": 0.03766557782598767}, "set_directive_unroll -factor 3 \"update_knn/update_knn_label0\"": {"latency": 0.02732528492846331, "resources": 0.03766557782598767}}, "pipeline FIND_MAX_DIST": {"set_directive_pipeline \"update_knn/FIND_MAX_DIST\"": {"latency": -0.005866370209966609, "resources": 0.011716941601025321}}, "unroll FIND_MAX_DIST": {"set_directive_unroll \"update_knn/FIND_MAX_DIST\"": {"latency": 0.04544162959247877, "resources": -0.2987160059430196}, "set_directive_unroll -factor 1 \"update_knn/FIND_MAX_DIST\"": {"latency": 0.008045957010164528, "resources": 0.07400337517804878}, "set_directive_unroll -factor 2 \"update_knn/FIND_MAX_DIST\"": {"latency": 0.035144513633649566, "resources": 0.09501881154746583}}, "dependence FIND_MAX_DIST": {"set_directive_dependence -type inter -dependent true \"update_knn/FIND_MAX_DIST\"": {"latency": -0.018212001634781982, "resources": -0.03478428055169691}}, "array_partition knn_vote votes": {"set_directive_array_partition -type complete -dim 1 \"knn_vote\" votes": {"latency": 0.004513183054585923, "resources": 0.22231092037301237}}, "pipeline knn_vote_label1": {"set_directive_pipeline \"knn_vote/knn_vote_label1\"": {"latency": -0.00875209650358344, "resources": -0.010833493064776878}}, "unroll knn_vote_label1": {"set_directive_unroll \"knn_vote/knn_vote_label1\"": {"latency": 0.10254986665455956, "resources": -0.20813602122813823}, "set_directive_unroll -factor 1 \"knn_vote/knn_vote_label1\"": {"latency": 0.17789917109828335, "resources": -0.2700061747870379}, "set_directive_unroll -factor 2 \"knn_vote/knn_vote_label1\"": {"latency": 0.16121731539529305, "resources": -0.37871428569114296}}, "unroll knn_vote_label2": {"set_directive_unroll \"knn_vote/knn_vote_label2\"": {"latency": 0.025664929216779653, "resources": -0.173893656157466}, "set_directive_unroll -factor 2 \"knn_vote/knn_vote_label2\"": {"latency": 0.027754763646620995, "resources": -0.1249935649444871}, "set_directive_unroll -factor 5 \"knn_vote/knn_vote_label2\"": {"latency": 0.024862945369621636, "resources": -0.17716718805726517}}, "pipeline knn_vote_label2": {"set_directive_pipeline \"knn_vote/knn_vote_label2\"": {"latency": 0.02114463579309034, "resources": 0.0725462206468781}}, "array_partition DigitRec_sw dists": {"set_directive_array_partition -type complete -dim 1 \"DigitRec_sw\" dists": {"latency": -0.050656626037940855, "resources": 0.125389750018017}}, "array_partition DigitRec_sw labels": {"set_directive_array_partition -type complete -dim 1 \"DigitRec_sw\" labels": {"latency": 0.0329894566903115, "resources": -0.12688313152837294}}, "unroll TEST_LOOP": {"set_directive_unroll -factor 2 \"DigitRec_sw/TEST_LOOP\"": {"latency": 0.047788686869325914, "resources": -0.3100173093179497}, "set_directive_unroll -factor 4 \"DigitRec_sw/TEST_LOOP\"": {"latency": 0.06906513028950423, "resources": -0.4779100978473638}, "set_directive_unroll -factor 8 \"DigitRec_sw/TEST_LOOP\"": {"latency": 0.08156045830498149, "resources": -0.5895197380521475}, "set_directive_unroll -factor 16 \"DigitRec_sw/TEST_LOOP\"": {"latency": 0.09181803340142425, "resources": -0.7169054862040076}, "set_directive_unroll -factor 20 \"DigitRec_sw/TEST_LOOP\"": {"latency": 0.09181803340142425, "resources": -0.7169054862040076}}, "pipeline TEST_LOOP": {"set_directive_pipeline \"DigitRec_sw/TEST_LOOP\"": {"latency": 0.0, "resources": 0.0}}, "unroll SET_KNN_SET": {"set_directive_unroll \"DigitRec_sw/SET_KNN_SET\"": {"latency": -0.0021823517174301976, "resources": 0.018297490743956923}, "set_directive_unroll -factor 1 \"DigitRec_sw/SET_KNN_SET\"": {"latency": -0.08582071100837507, "resources": 0.0382627995793281}, "set_directive_unroll -factor 2 \"DigitRec_sw/SET_KNN_SET\"": {"latency": -0.08582071100837507, "resources": 0.0382627995793281}}, "pipeline SET_KNN_SET": {"set_directive_pipeline \"DigitRec_sw/SET_KNN_SET\"": {"latency": 0.027123827865149774, "resources": 0.0012164077484458913}}, "unroll TRAINING_LOOP": {"set_directive_unroll -factor 20 \"DigitRec_sw/TRAINING_LOOP\"": {"latency": -0.004399278648471672, "resources": 0.022662393104396883}, "set_directive_unroll -factor 60 \"DigitRec_sw/TRAINING_LOOP\"": {"latency": -0.018984654954791624, "resources": 0.03430433227190899}, "set_directive_unroll -factor 125 \"DigitRec_sw/TRAINING_LOOP\"": {"latency": -0.03584520883700426, "resources": -0.009719634959162615}, "set_directive_unroll -factor 250 \"DigitRec_sw/TRAINING_LOOP\"": {"latency": -0.03217454952835497, "resources": -0.034964773655591586}, "set_directive_unroll -factor 500 \"DigitRec_sw/TRAINING_LOOP\"": {"latency": -0.028507138870155435, "resources": -0.05996230524867663}}, "pipeline TRAINING_LOOP": {"set_directive_pipeline \"DigitRec_sw/TRAINING_LOOP\"": {"latency": 0.6302081927377589, "resources": 0.5928904983288297}}}