{"pipeline DOT": {"set_directive_pipeline \"dotProduct/DOT\"": {"latency": -0.0046539470419688644, "resources": 0.3155831193829234}}, "unroll DOT": {"set_directive_unroll -factor 8 \"dotProduct/DOT\"": {"latency": 0.021951091002797907, "resources": 0.01184003484438223}, "set_directive_unroll -factor 16 \"dotProduct/DOT\"": {"latency": 0.04040952223625505, "resources": 0.10129095554022771}, "set_directive_unroll -factor 32 \"dotProduct/DOT\"": {"latency": 0.04171549437793576, "resources": 0.05564467117030081}, "set_directive_unroll -factor 64 \"dotProduct/DOT\"": {"latency": 0.04177692519700371, "resources": 0.05380394646170705}, "set_directive_unroll -factor 128 \"dotProduct/DOT\"": {"latency": 0.04177692519700371, "resources": 0.05380394646170705}, "set_directive_unroll \"dotProduct/DOT\"": {"latency": 0.011319551729223165, "resources": 0.0502852772693545}}, "pipeline GRAD": {"set_directive_pipeline \"computeGradient/GRAD\"": {"latency": 0.0031997958015645978, "resources": 0.04405689996733908}}, "unroll GRAD": {"set_directive_unroll -factor 8 \"computeGradient/GRAD\"": {"latency": 0.35486379226867604, "resources": -0.42396472272821484}, "set_directive_unroll -factor 16 \"computeGradient/GRAD\"": {"latency": 0.3548330768591421, "resources": -0.42304436037391824}, "set_directive_unroll -factor 32 \"computeGradient/GRAD\"": {"latency": 0.35659471237567464, "resources": -0.4278319346221595}, "set_directive_unroll -factor 64 \"computeGradient/GRAD\"": {"latency": 0.35659471237567464, "resources": -0.4278319346221595}, "set_directive_unroll -factor 128 \"computeGradient/GRAD\"": {"latency": 0.35659471237567464, "resources": -0.4278319346221595}, "set_directive_unroll -factor 256 \"computeGradient/GRAD\"": {"latency": 0.35659471237567464, "resources": -0.4278319346221595}, "set_directive_unroll -factor 512 \"computeGradient/GRAD\"": {"latency": 0.35659471237567464, "resources": -0.4278319346221595}, "set_directive_unroll \"computeGradient/GRAD\"": {"latency": 0.20782304680842645, "resources": -0.2659449615425291}}, "pipeline UPDATE": {"set_directive_pipeline \"updateParameter/UPDATE\"": {"latency": -0.002566626308835529, "resources": 0.13530758920734598}}, "unroll UPDATE": {"set_directive_unroll -factor 8 \"updateParameter/UPDATE\"": {"latency": -0.001690180690842702, "resources": 0.0034007859222482395}, "set_directive_unroll -factor 16 \"updateParameter/UPDATE\"": {"latency": -0.008831358566356196, "resources": 0.049239474216815626}, "set_directive_unroll -factor 32 \"updateParameter/UPDATE\"": {"latency": -0.008831358566356196, "resources": 0.049239474216815626}, "set_directive_unroll -factor 64 \"updateParameter/UPDATE\"": {"latency": -0.008831357905113135, "resources": 0.04942571372831339}, "set_directive_unroll -factor 128 \"updateParameter/UPDATE\"": {"latency": -0.008831357905113135, "resources": 0.04942571372831339}, "set_directive_unroll -factor 256 \"updateParameter/UPDATE\"": {"latency": -0.008831357905113135, "resources": 0.04942571372831339}, "set_directive_unroll -factor 512 \"updateParameter/UPDATE\"": {"latency": -0.008831357905113135, "resources": 0.04942571372831339}, "set_directive_unroll \"updateParameter/UPDATE\"": {"latency": -0.0016639874135895294, "resources": 0.0013117714607586706}}, "unroll EPOCH": {"set_directive_unroll \"SgdLR_sw/EPOCH\"": {"latency": 0.002575331355617161, "resources": -0.045926420657418365}}, "pipeline EPOCH": {"set_directive_pipeline \"SgdLR_sw/EPOCH\"": {"latency": 0.0, "resources": 0.0}}, "pipeline TRAINING_INST": {"set_directive_pipeline \"SgdLR_sw/TRAINING_INST\"": {"latency": 0.018534198467114682, "resources": -1.347993195396778}}, "unroll TRAINING_INST": {"set_directive_unroll -factor 8 \"SgdLR_sw/TRAINING_INST\"": {"latency": 1.2699176338504259e-05, "resources": 0.002410105599990664}, "set_directive_unroll -factor 16 \"SgdLR_sw/TRAINING_INST\"": {"latency": -0.007246986932262445, "resources": 0.08746409989487136}, "set_directive_unroll -factor 32 \"SgdLR_sw/TRAINING_INST\"": {"latency": -0.0312509960561711, "resources": 0.25119443976207356}, "set_directive_unroll -factor 64 \"SgdLR_sw/TRAINING_INST\"": {"latency": -0.0312509960561711, "resources": 0.25119443976207356}, "set_directive_unroll -factor 128 \"SgdLR_sw/TRAINING_INST\"": {"latency": -0.0312509960561711, "resources": 0.25119443976207356}, "set_directive_unroll -factor 256 \"SgdLR_sw/TRAINING_INST\"": {"latency": -0.0312509960561711, "resources": 0.25119443976207356}, "set_directive_unroll -factor 512 \"SgdLR_sw/TRAINING_INST\"": {"latency": -0.0312509960561711, "resources": 0.25119443976207356}, "set_directive_unroll -factor 1024 \"SgdLR_sw/TRAINING_INST\"": {"latency": -0.0312509960561711, "resources": 0.25119443976207356}, "set_directive_unroll -factor 2048 \"SgdLR_sw/TRAINING_INST\"": {"latency": -0.0312509960561711, "resources": 0.25119443976207356}, "set_directive_unroll \"SgdLR_sw/TRAINING_INST\"": {"latency": 8.46611755900284e-06, "resources": 0.0016067370666603686}}, "array_partition SgdLR_sw": {"set_directive_array_partition -type block -factor 8 -dim 1 \"SgdLR_sw\" gradient": {"latency": 0.05434045872685522, "resources": 0.024842127893938026}, "set_directive_array_partition -type block -factor 16 -dim 1 \"SgdLR_sw\" gradient": {"latency": 0.05593214293968374, "resources": 0.02365247601345266}, "set_directive_array_partition -type block -factor 32 -dim 1 \"SgdLR_sw\" gradient": {"latency": 0.05774293968663424, "resources": -0.0709112951558597}, "set_directive_array_partition -type block -factor 64 -dim 1 \"SgdLR_sw\" gradient": {"latency": 0.05774293968663424, "resources": -0.0709112951558597}, "set_directive_array_partition -type block -factor 128 -dim 1 \"SgdLR_sw\" gradient": {"latency": 0.05774293968663424, "resources": -0.0709112951558597}, "set_directive_array_partition -type block -factor 256 -dim 1 \"SgdLR_sw\" gradient": {"latency": 0.05774293968663424, "resources": -0.0709112951558597}, "set_directive_array_partition -type block -factor 512 -dim 1 \"SgdLR_sw\" gradient": {"latency": 0.05774293968663424, "resources": -0.0709112951558597}, "set_directive_array_partition -type cyclic -factor 8 -dim 1 \"SgdLR_sw\" gradient": {"latency": 0.05434045872685522, "resources": 0.024842127893938026}, "set_directive_array_partition -type cyclic -factor 16 -dim 1 \"SgdLR_sw\" gradient": {"latency": 0.05593666639445094, "resources": 0.023510928562909816}, "set_directive_array_partition -type cyclic -factor 32 -dim 1 \"SgdLR_sw\" gradient": {"latency": 0.057747463141401445, "resources": -0.07105284260640232}, "set_directive_array_partition -type cyclic -factor 64 -dim 1 \"SgdLR_sw\" gradient": {"latency": 0.057747463141401445, "resources": -0.07105284260640232}, "set_directive_array_partition -type cyclic -factor 128 -dim 1 \"SgdLR_sw\" gradient": {"latency": 0.057747463141401445, "resources": -0.07105284260640232}, "set_directive_array_partition -type cyclic -factor 256 -dim 1 \"SgdLR_sw\" gradient": {"latency": 0.057747463141401445, "resources": -0.07105284260640232}, "set_directive_array_partition -type cyclic -factor 512 -dim 1 \"SgdLR_sw\" gradient": {"latency": 0.057747463141401445, "resources": -0.07105284260640232}, "set_directive_array_partition -type complete -dim 1 \"SgdLR_sw\" gradient": {"latency": -0.20304204088688405, "resources": 0.17838839439978038}}}