{"pipeline encode_label0": {"set_directive_pipeline \"encode/encode_label0\"": {"latency": -0.003990097405319082, "resources": 0.0016833683073153027}}, "pipeline encode_label1": {"set_directive_pipeline \"encode/encode_label1\"": {"latency": -0.0030478979339789714, "resources": 0.0014697344562255577}}, "pipeline decode_label2": {"set_directive_pipeline \"decode/decode_label2\"": {"latency": -0.005153596396618054, "resources": 0.0005143718929587759}}, "pipeline decode_label3": {"set_directive_pipeline \"decode/decode_label3\"": {"latency": -0.002261055196347339, "resources": -0.0016197840957892229}}, "pipeline reset_label4": {"set_directive_pipeline \"reset/reset_label4\"": {"latency": 0.0029953672398472797, "resources": -0.0010040784047349316}}, "pipeline reset_label5": {"set_directive_pipeline \"reset/reset_label5\"": {"latency": -0.00443493179392318, "resources": 0.004223888661385344}}, "pipeline reset_label6": {"set_directive_pipeline \"reset/reset_label6\"": {"latency": -0.000711958556635528, "resources": 0.0021159646616623062}}, "pipeline reset_label7": {"set_directive_pipeline \"reset/reset_label7\"": {"latency": -0.0023839993741023857, "resources": -0.0013372880449251667}}, "pipeline filtez_label8": {"set_directive_pipeline \"filtez/filtez_label8\"": {"latency": 0.005522428929882639, "resources": 0.001448274809670913}}, "pipeline quantl_label9": {"set_directive_pipeline \"quantl/quantl_label9\"": {"latency": -0.0032703151282811316, "resources": 0.0041171606460509436}}, "pipeline upzero_label10": {"set_directive_pipeline \"upzero/upzero_label10\"": {"latency": -8.717859877171996e-05, "resources": -0.001244631684689912}}, "pipeline upzero_label11": {"set_directive_pipeline \"upzero/upzero_label11\"": {"latency": -0.006030970756050857, "resources": 0.007143507251761605}}, "pipeline adpcm_main_label12": {"set_directive_pipeline \"adpcm_main/adpcm_main_label12\"": {"latency": 0.7256824798958328, "resources": -0.6779839586131979}}, "pipeline adpcm_main_label13": {"set_directive_pipeline \"adpcm_main/adpcm_main_label13\"": {"latency": 0.2624601129968761, "resources": -0.37302487320954536}}, "unroll encode_label0": {"set_directive_unroll \"encode/encode_label0\"": {"latency": 0.008504384077611338, "resources": -0.012286873520737984}, "set_directive_unroll -factor 2 \"encode/encode_label0\"": {"latency": -0.0035799109213550118, "resources": 0.0009458804631665707}, "set_directive_unroll -factor 4 \"encode/encode_label0\"": {"latency": -0.01655163934884296, "resources": 0.010410908809564523}, "set_directive_unroll -factor 8 \"encode/encode_label0\"": {"latency": -0.012669956354816936, "resources": 0.010490501826026732}}, "unroll encode_label1": {"set_directive_unroll \"encode/encode_label1\"": {"latency": -0.0007879604119749306, "resources": 0.0052728284761178745}, "set_directive_unroll -factor 2 \"encode/encode_label1\"": {"latency": -0.015524496627417728, "resources": 0.013242479469497526}, "set_directive_unroll -factor 4 \"encode/encode_label1\"": {"latency": -0.01784255321526973, "resources": 0.014299499682576267}, "set_directive_unroll -factor 8 \"encode/encode_label1\"": {"latency": -0.018642808045020054, "resources": 0.011391423524998556}}, "unroll decode_label2": {"set_directive_unroll \"decode/decode_label2\"": {"latency": -0.009766238411114347, "resources": 0.018374127472074897}, "set_directive_unroll -factor 2 \"decode/decode_label2\"": {"latency": -0.008572562212548318, "resources": 0.0060567959954357375}, "set_directive_unroll -factor 4 \"decode/decode_label2\"": {"latency": -0.012004940120597052, "resources": 0.011189726490546281}, "set_directive_unroll -factor 8 \"decode/decode_label2\"": {"latency": -0.011001268560379529, "resources": 0.01465475508132319}}, "unroll decode_label3": {"set_directive_unroll \"decode/decode_label3\"": {"latency": 0.004658466662568528, "resources": -0.002688940800950279}, "set_directive_unroll -factor 2 \"decode/decode_label3\"": {"latency": 0.003614558825994929, "resources": -0.0019591787077160028}, "set_directive_unroll -factor 4 \"decode/decode_label3\"": {"latency": 0.004247162504261159, "resources": -0.0027387315122255895}, "set_directive_unroll -factor 8 \"decode/decode_label3\"": {"latency": -0.000544307405151434, "resources": -0.0002621529973436676}}, "unroll reset_label4": {"set_directive_unroll \"reset/reset_label4\"": {"latency": 0.00016876882582728125, "resources": -0.002565371502954772}, "set_directive_unroll -factor 2 \"reset/reset_label4\"": {"latency": 0.000554366474240342, "resources": -0.003352873575667825}, "set_directive_unroll -factor 4 \"reset/reset_label4\"": {"latency": 0.0002727125397473662, "resources": -0.0036935099503105917}}, "unroll reset_label5": {"set_directive_unroll \"reset/reset_label5\"": {"latency": -0.000661663211190211, "resources": 0.002500214723125449}, "set_directive_unroll -factor 2 \"reset/reset_label5\"": {"latency": -0.005724727986006872, "resources": -0.00512107414469698}, "set_directive_unroll -factor 4 \"reset/reset_label5\"": {"latency": -0.009341522160688065, "resources": -0.00635822346396453}}, "unroll reset_label6": {"set_directive_unroll \"reset/reset_label6\"": {"latency": -0.00805396131729097, "resources": 0.0004861212944621274}, "set_directive_unroll -factor 2 \"reset/reset_label6\"": {"latency": -0.010509491849360009, "resources": 0.01577650490785698}, "set_directive_unroll -factor 4 \"reset/reset_label6\"": {"latency": -0.010060186763382717, "resources": 0.014813667926449336}, "set_directive_unroll -factor 8 \"reset/reset_label6\"": {"latency": -0.016139217516192295, "resources": 0.013365558022867319}}, "unroll reset_label7": {"set_directive_unroll \"reset/reset_label7\"": {"latency": 0.00693740464840753, "resources": -0.008160567540635766}, "set_directive_unroll -factor 2 \"reset/reset_label7\"": {"latency": -0.001857574758442615, "resources": -0.022427795300335118}, "set_directive_unroll -factor 4 \"reset/reset_label7\"": {"latency": -0.002929424453597118, "resources": -0.021587342478586846}, "set_directive_unroll -factor 8 \"reset/reset_label7\"": {"latency": 0.00023694696076392852, "resources": -0.02000758188525298}}, "unroll filtez_label8": {"set_directive_unroll \"filtez/filtez_label8\"": {"latency": 0.119873926334084, "resources": -0.07894130163898438}, "set_directive_unroll -factor 2 \"filtez/filtez_label8\"": {"latency": -0.0020174021895240646, "resources": -0.0010246578898767122}, "set_directive_unroll -factor 4 \"filtez/filtez_label8\"": {"latency": -0.003947625780276409, "resources": -0.000776399720620935}}, "unroll quantl_label9": {"set_directive_unroll \"quantl/quantl_label9\"": {"latency": 0.010896207172116257, "resources": -0.07598981643708225}, "set_directive_unroll -factor 2 \"quantl/quantl_label9\"": {"latency": 0.016979708622298695, "resources": -0.008725707660479864}, "set_directive_unroll -factor 4 \"quantl/quantl_label9\"": {"latency": 0.014268230665630988, "resources": -0.005234293102100995}, "set_directive_unroll -factor 8 \"quantl/quantl_label9\"": {"latency": 0.014268230665630988, "resources": -0.005234293102100995}}, "unroll upzero_label10": {"set_directive_unroll \"upzero/upzero_label10\"": {"latency": -0.0009656706325480435, "resources": -0.0005537129226256265}, "set_directive_unroll -factor 2 \"upzero/upzero_label10\"": {"latency": 0.011919996870511818, "resources": 0.0017511596109235361}, "set_directive_unroll -factor 4 \"upzero/upzero_label10\"": {"latency": 0.014230229737961175, "resources": 0.0004132020075416909}}, "unroll upzero_label11": {"set_directive_unroll \"upzero/upzero_label11\"": {"latency": 0.014992483640041687, "resources": -0.037905652301327475}, "set_directive_unroll -factor 2 \"upzero/upzero_label11\"": {"latency": -0.010042303973891276, "resources": 0.008238622758150571}, "set_directive_unroll -factor 4 \"upzero/upzero_label11\"": {"latency": -0.01252801171322715, "resources": 0.005766786783434008}},