{"pipeline motion_vector": {"set_directive_pipeline \"motion_vector\"": {"latency": 0.020159008469937678, "resources": -0.9456386528375966}}, "pipeline motion_vectors": {"set_directive_pipeline \"motion_vectors\"": {"latency": 0.02034454927499929, "resources": -0.948984755200061}}, "array_partition motion_vectors": {"set_directive_array_partition -type complete -dim 0 \"motion_vectors\" PMV": {"latency": -0.0037924540554581387, "resources": -0.1564205543676629}}, "unroll read_label2": {"set_directive_unroll \"read/read_label2\"": {"latency": 0.0013748573655061325, "resources": -0.02291035023697141}, "set_directive_unroll -factor 16 \"read/read_label2\"": {"latency": -0.0002170827419221144, "resources": 0.02857514856459875}, "set_directive_unroll -factor 64 \"read/read_label2\"": {"latency": 0.0055049956861763505, "resources": 0.035102182066880205}, "set_directive_unroll -factor 128 \"read/read_label2\"": {"latency": 0.0055049956861763505, "resources": 0.035102182066880205}, "set_directive_unroll -factor 512 \"read/read_label2\"": {"latency": 0.005479019973467669, "resources": 0.035304645041174476}, "set_directive_unroll -factor 1024 \"read/read_label2\"": {"latency": 0.0002783112075923633, "resources": -0.06311003580490215}}, "pipeline read_label2": {"set_directive_pipeline \"read/read_label2\"": {"latency": 0.009349401167051519, "resources": -0.03180831515178317}}, "inline Flush_Buffer": {"set_directive_inline \"Flush_Buffer\"": {"latency": -1.5108903175530881, "resources": -0.7356691805905025}}, "inline Fill_Buffer": {"set_directive_inline -off \"Fill_Buffer\"": {"latency": -0.013488816527974956, "resources": 0.16942408918479912}}, "pipeline Get_motion_code": {"set_directive_pipeline \"Get_motion_code\"": {"latency": 0.015642945274739417, "resources": -0.1874747302908779}}, "pipeline Get_dmvector": {"set_directive_pipeline \"Get_dmvector\"": {"latency": -0.0009072945367509799, "resources": -0.05323256787524655}}, "pipeline Flush_Buffer_label5": {"set_directive_pipeline \"Flush_Buffer/Flush_Buffer_label5\"": {"latency": -0.00463852012653887, "resources": 0.01940452708367424}}, "pipeline Flush_Buffer_label6": {"set_directive_pipeline \"Flush_Buffer/Flush_Buffer_label6\"": {"latency": 0.0037219485495346705, "resources": -0.04651026365480537}}, "pipeline Get_Bits": {"set_directive_pipeline \"Get_Bits\"": {"latency": 0.019787926859814564, "resources": -1.537846709086156}}}