{"pipeline main_label0": {"set_directive_pipeline \"main/main_label0\"": {"latency": 0.0045964874808802625, "resources": -0.040936998758345666}}, "pipeline local_memcpy_label3": {"set_directive_pipeline \"local_memcpy/local_memcpy_label3\"": {"latency": 0.02569561875102122, "resources": 0.014239441987218604}}, "unroll local_memcpy_label3": {"set_directive_unroll \"local_memcpy/local_memcpy_label3\"": {"latency": -0.15124078955398113, "resources": -0.04642958071221215}}, "loop_merge sha_transform": {"set_directive_loop_merge \"sha_transform\"": {"latency": 0.013387997236127935, "resources": 0.004544659206688895}}, "pipeline sha_update_label4": {"set_directive_pipeline \"sha_update/sha_update_label4\"": {"latency": 0.13074071868546777, "resources": -0.020450973318637544}}, "unroll sha_update_label4": {"set_directive_unroll -factor 8 \"sha_update/sha_update_label4\"": {"latency": 0.00041709072941409353, "resources": -0.1574438963438567}, "set_directive_unroll -factor 16 \"sha_update/sha_update_label4\"": {"latency": 0.0074858558258839025, "resources": -0.23303346802404534}, "set_directive_unroll -factor 32 \"sha_update/sha_update_label4\"": {"latency": 0.11903228060781557, "resources": -1.2183326885162358}, "set_directive_unroll \"sha_update/sha_update_label4\"": {"latency": -0.051359125206945855, "resources": -0.021873563311905597}}, "pipeline sha_transform_label1": {"set_directive_pipeline \"sha_transform/sha_transform_label1\"": {"latency": -0.002089390786699674, "resources": -0.0002500539155709802}}, "unroll sha_transform_label1": {"set_directive_unroll -factor 2 \"sha_transform/sha_transform_label1\"": {"latency": -0.08092261453631311, "resources": 0.09598462466085111}, "set_directive_unroll -factor 4 \"sha_transform/sha_transform_label1\"": {"latency": -0.08901626629237591, "resources": 0.09722828934675343}, "set_directive_unroll -factor 8 \"sha_transform/sha_transform_label1\"": {"latency": -0.10704652025756767, "resources": 0.09688717220552356}, "set_directive_unroll \"sha_transform/sha_transform_label1\"": {"latency": -0.0644434705492114, "resources": 0.08006571181880506}}, "pipeline sha_transform_label2": {"set_directive_pipeline \"sha_transform/sha_transform_label2\"": {"latency": -0.024037221718049784, "resources": -0.02045734643155961}}, "unroll sha_transform_label2": {"set_directive_unroll -factor 4 \"sha_transform/sha_transform_label2\"": {"latency": 0.10071929080303876, "resources": -0.03798780266417934}, "set_directive_unroll -factor 8 \"sha_transform/sha_transform_label2\"": {"latency": 0.11433847195673863, "resources": -0.03310850802495202}, "set_directive_unroll -factor 16 \"sha_transform/sha_transform_label2\"": {"latency": 0.11133541870495656, "resources": -0.06900191971144043}, "set_directive_unroll -factor 32 \"sha_transform/sha_transform_label2\"": {"latency": 0.16039697686733612, "resources": -0.37860289673688174}, "set_directive_unroll \"sha_transform/sha_transform_label2\"": {"latency": 0.10090482850804072, "resources": -0.2851222944005265}}, "pipeline sha_transform_label3": {"set_directive_pipeline \"sha_transform/sha_transform_label3\"": {"latency": 0.010282701389613402, "resources": 0.004040565748722358}}, "unroll sha_transform_label3": {"set_directive_unroll -factor 4 \"sha_transform/sha_transform_label3\"": {"latency": 0.08816522895451229, "resources": -0.015223685156804612}, "set_directive_unroll -factor 8 \"sha_transform/sha_transform_label3\"": {"latency": 0.24762221373549897, "resources": -0.2086756216947956}, "set_directive_unroll -factor 16 \"sha_transform/sha_transform_label3\"": {"latency": 0.29271353568918645, "resources": -0.37487743701133924}, "set_directive_unroll \"sha_transform/sha_transform_label3\"": {"latency": 0.12371993747822263, "resources": -0.09402601324296067}}, "pipeline sha_transform_label4": {"set_directive_pipeline \"sha_transform/sha_transform_label4\"": {"latency": 0.028716512166745756, "resources": 0.11657144804549846}}, "unroll sha_transform_label4": {"set_directive_unroll -factor 4 \"sha_transform/sha_transform_label4\"": {"latency": 0.1669145424157895, "resources": 0.002439076381407501}, "set_directive_unroll -factor 8 \"sha_transform/sha_transform_label4\"": {"latency": 0.1667619782551777, "resources": 0.00263756108352986}, "set_directive_unroll -factor 16 \"sha_transform/sha_transform_label4\"": {"latency": 0.1526432725110879, "resources": 0.007103128532525482}, "set_directive_unroll \"sha_transform/sha_transform_label4\"": {"latency": 0.1335834565329943, "resources": -0.059710562110529164}}, "pipeline sha_transform_label5": {"set_directive_pipeline \"sha_transform/sha_transform_label5\"": {"latency": -0.006034035587805242, "resources": 0.0035073945578414367}}, "unroll sha_transform_label5": {"set_directive_unroll -factor 4 \"sha_transform/sha_transform_label5\"": {"latency": -0.07488550305817321, "resources": -0.0016230788546289787}, "set_directive_unroll -factor 8 \"sha_transform/sha_transform_label5\"": {"latency": -0.10902210310187543, "resources": 0.0060134007811717405}, "set_directive_unroll -factor 16 \"sha_transform/sha_transform_label5\"": {"latency": -0.050511286795030585, "resources": -0.07067636922755138}, "set_directive_unroll \"sha_transform/sha_transform_label5\"": {"latency": -0.015822625954018177, "resources": -0.002442520650216995}}, "pipeline sha_transform_label6": {"set_directive_pipeline \"sha_transform/sha_transform_label6\"": {"latency": -0.0005085061901677346, "resources": -0.00023069874569370263}}, "unroll sha_transform_label6": {"set_directive_unroll -factor 4 \"sha_transform/sha_transform_label6\"": {"latency": -0.046818495894547674, "resources": -0.030911289009765364}, "set_directive_unroll -factor 8 \"sha_transform/sha_transform_label6\"": {"latency": -0.06410992100129342, "resources": -0.11732130102364247}, "set_directive_unroll -factor 16 \"sha_transform/sha_transform_label6\"": {"latency": -0.06410992100129342, "resources": -0.11732130102364247}, "set_directive_unroll \"sha_transform/sha_transform_label6\"": {"latency": -0.01941465068712933, "resources": 0.008257447264676698}}, "array_partition sha_transform W": {"set_directive_array_partition -type block -factor 8 -dim 1 \"sha_transform\" W": {"latency": -0.01810505961813691, "resources": 0.1629555084907074}, "set_directive_array_partition -type block -factor 16 -dim 1 \"sha_transform\" W": {"latency": -0.005089491183760231, "resources": 0.14845010979101214}, "set_directive_array_partition -type block -factor 32 -dim 1 \"sha_transform\" W": {"latency": -0.005089491183760231, "resources": 0.14845010979101214}, "set_directive_array_partition -type block -factor 64 -dim 1 \"sha_transform\" W": {"latency": -0.001809730837449175, "resources": 0.10276352512555642}, "set_directive_array_partition -type cyclic -factor 8 -dim 1 \"sha_transform\" W": {"latency": 0.12621596096719778, "resources": 0.10463304181871502}, "set_directive_array_partition -type cyclic -factor 16 -dim 1 \"sha_transform\" W": {"latency": 0.13923152940157446, "resources": 0.09012764311901933}, "set_directive_array_partition -type cyclic -factor 32 -dim 1 \"sha_transform\" W": {"latency": 0.13923152940157446, "resources": 0.09012764311901933}, "set_directive_array_partition -type cyclic -factor 64 -dim 1 \"sha_transform\" W": {"latency": 0.14251128974788518, "resources": 0.04444105845356372}, "set_directive_array_partition -type complete -dim 1 \"sha_transform\" W": {"latency": 0.13836831153798446, "resources": 0.10680615338348376}}, "inline sha_stream": {"set_directive_inline -region \"sha_stream\"": {"latency": 0.03866960114806983, "resources": 0.055273201197043154}}, "inline local_memset": {"set_directive_inline \"local_memset\"": {"latency": 0.009598869450355596, "resources": 0.03911141310604105}}, "inline local_memcpy": {"set_directive_inline \"local_memcpy\"": {"latency": 0.002440534427333163, "resources": -0.0010838911339501323}},